{"0_test": [0.18640185715279392, 0.7622950929728421], "0_validation": [0.1804543940410006, 0.7648725103464994], "1_test": [0.1943560741304199, 0.7635989444580945], "1_validation": [0.19583880032704598, 0.7697824949351224], "2_test": [0.19157334212134386, 0.7674415630427274], "2_validation": [0.19368874613065876, 0.76656413796815], "3_test": [0.19119404577584084, 0.7515227932063017], "3_validation": [0.19443395383520826, 0.7618259979811581], "4_test": [0.2036286479962138, 0.7613437600460919], "4_validation": [0.1946624456778498, 0.767424997123805], "5_test": [0.19387842501828056, 0.7584511727419767], "5_validation": [0.18891169936381227, 0.7572336584654722], "6_test": [0.19565865113518283, 0.763595721038905], "6_validation": [0.18638214889093277, 0.7635065484372052], "7_test": [0.182224373110849, 0.7774369985190305], "7_validation": [0.1917547510093721, 0.7676266435709866], "8_test": [0.19551520803829703, 0.7634946753111752], "8_validation": [0.1957447191487018, 0.7649372655478391], "9_test": [0.19130666691117448, 0.762838496836749], "9_validation": [0.1911942026806517, 0.7645960082140836], "10_test": [0.19297793761488272, 0.7625472480383787], "10_validation": [0.19221890988948725, 0.7650632711974058]}