{"0_test": [0.18540185715279392, 0.7162950929728421], "0_validation": [0.1794543940410006, 0.7188725103464993], "1_test": [0.19335607413041989, 0.7175989444580945], "1_validation": [0.19483880032704598, 0.7237824949351224], "2_test": [0.19057334212134386, 0.7214415630427273], "2_validation": [0.19268874613065876, 0.72056413796815], "3_test": [0.19019404577584084, 0.7055227932063016], "3_validation": [0.19343395383520826, 0.7158259979811581], "4_test": [0.2026286479962138, 0.7153437600460919], "4_validation": [0.1936624456778498, 0.7214249971238049], "5_test": [0.19287842501828056, 0.7124511727419767], "5_validation": [0.18791169936381227, 0.7112336584654722], "6_test": [0.19465865113518283, 0.717595721038905], "6_validation": [0.18538214889093277, 0.7175065484372052], "7_test": [0.181224373110849, 0.7314369985190304], "7_validation": [0.1907547510093721, 0.7216266435709866], "8_test": [0.19451520803829703, 0.7174946753111752], "8_validation": [0.1947447191487018, 0.7189372655478391], "9_test": [0.19030666691117448, 0.7168384968367489], "9_validation": [0.1901942026806517, 0.7185960082140835], "10_test": [0.19197793761488272, 0.7165472480383787], "10_validation": [0.19121890988948725, 0.7190632711974058]}
