{"0_test": [0.16855416356642652, 0.7136310386657715], "0_validation": [0.16260670045463321, 0.7162084560394287], "1_test": [0.17650838054405248, 0.71493489015102386], "1_validation": [0.177991106740678575, 0.72111844062805176], "2_test": [0.17372564853497645, 0.71877750873565674], "2_validation": [0.17584105254429137, 0.7179000836610794], "3_test": [0.17334635218947345, 0.70285873889923096], "3_validation": [0.17658626024884086, 0.7131619436740875], "4_test": [0.1857809544098464, 0.7126797057390213], "4_validation": [0.1768147520914824, 0.71876094281673431], "5_test": [0.17603073143191316, 0.709787118434906], "5_validation": [0.17106400577744488, 0.7085696041584015], "6_test": [0.17781095754881543, 0.7149316667318344], "6_validation": [0.16853445530456536, 0.71484249413013458], "7_test": [0.1643766795244816, 0.72877294421195984], "7_validation": [0.1739070574230047, 0.718962589263916], "8_test": [0.17766751445192962, 0.7148306210041046], "8_validation": [0.17789702556233441, 0.71627321124076843], "9_test": [0.17345897332480709, 0.71417444252967834], "9_validation": [0.17334650909428432, 0.71593195390701294], "10_test": [0.17513024402851531, 0.713883193731308], "10_validation": [0.17437121630311986, 0.7163992168903351]}