{"0_test": [0.2034018571527939, 0.7482950929728421], "0_validation": [0.1974543940410006, 0.7508725103464994], "1_test": [0.21135607413041987, 0.7495989444580945], "1_validation": [0.21283880032704597, 0.7557824949351224], "2_test": [0.20857334212134385, 0.7534415630427274], "2_validation": [0.21068874613065874, 0.75256413796815], "3_test": [0.20819404577584083, 0.7375227932063017], "3_validation": [0.21143395383520824, 0.7478259979811581], "4_test": [0.2206286479962138, 0.7473437600460919], "4_validation": [0.21166244567784978, 0.753424997123805], "5_test": [0.21087842501828055, 0.7444511727419767], "5_validation": [0.20591169936381226, 0.7432336584654722], "6_test": [0.2126586511351828, 0.749595721038905], "6_validation": [0.20338214889093276, 0.7495065484372052], "7_test": [0.19922437311084898, 0.7634369985190305], "7_validation": [0.20875475100937207, 0.7536266435709866], "8_test": [0.21251520803829702, 0.7494946753111752], "8_validation": [0.2127447191487018, 0.7509372655478391], "9_test": [0.20830666691117447, 0.748838496836749], "9_validation": [0.2081942026806517, 0.7505960082140836], "10_test": [0.2099779376148827, 0.7485472480383787], "10_validation": [0.20921890988948724, 0.7510632711974058]}