{"0_test": [0.15840185715279392, 0.6592950929728422], "0_validation": [0.1524543940410006, 0.6618725103464994], "1_test": [0.1663560741304199, 0.6605989444580945], "1_validation": [0.16783880032704598, 0.6667824949351224], "2_test": [0.16357334212134386, 0.6644415630427274], "2_validation": [0.16568874613065876, 0.6635641379681501], "3_test": [0.16319404577584085, 0.6485227932063017], "3_validation": [0.16643395383520826, 0.6588259979811582], "4_test": [0.1756286479962138, 0.658343760046092], "4_validation": [0.1666624456778498, 0.664424997123805], "5_test": [0.16587842501828057, 0.6554511727419767], "5_validation": [0.16091169936381228, 0.6542336584654722], "6_test": [0.16765865113518283, 0.6605957210389051], "6_validation": [0.15838214889093277, 0.6605065484372052], "7_test": [0.154224373110849, 0.6744369985190305], "7_validation": [0.1637547510093721, 0.6646266435709867], "8_test": [0.16751520803829703, 0.6604946753111752], "8_validation": [0.16774471914870182, 0.6619372655478392], "9_test": [0.1633066669111745, 0.659838496836749], "9_validation": [0.1631942026806517, 0.6615960082140836], "10_test": [0.16497793761488272, 0.6595472480383787], "10_validation": [0.16421890988948726, 0.6620632711974058]}