{"0_test": [0.1784018571527939, 0.6132950929728421], "0_validation": [0.1724543940410006, 0.6158725103464994], "1_test": [0.18635607413041988, 0.6145989444580945], "1_validation": [0.18783880032704597, 0.6207824949351224], "2_test": [0.18357334212134385, 0.6184415630427273], "2_validation": [0.18568874613065875, 0.61756413796815], "3_test": [0.18319404577584084, 0.6025227932063016], "3_validation": [0.18643395383520825, 0.6128259979811581], "4_test": [0.1956286479962138, 0.6123437600460919], "4_validation": [0.1866624456778498, 0.6184249971238049], "5_test": [0.18587842501828056, 0.6094511727419767], "5_validation": [0.18091169936381227, 0.6082336584654722], "6_test": [0.18765865113518282, 0.614595721038905], "6_validation": [0.17838214889093276, 0.6145065484372052], "7_test": [0.17422437311084898, 0.6284369985190305], "7_validation": [0.18375475100937208, 0.6186266435709866], "8_test": [0.18751520803829702, 0.6144946753111752], "8_validation": [0.1877447191487018, 0.6159372655478391], "9_test": [0.18330666691117448, 0.613838496836749], "9_validation": [0.1831942026806517, 0.6155960082140836], "10_test": [0.1849779376148827, 0.6135472480383787], "10_validation": [0.18421890988948725, 0.6160632711974058]}