{"0_test": [0.16140185715279393, 0.6992950929728421], "0_validation": [0.15545439404100062, 0.7018725103464993], "1_test": [0.1693560741304199, 0.7005989444580945], "1_validation": [0.170838800327046, 0.7067824949351224], "2_test": [0.16657334212134386, 0.7044415630427273], "2_validation": [0.16868874613065876, 0.70356413796815], "3_test": [0.16619404577584085, 0.6885227932063016], "3_validation": [0.16943395383520826, 0.6988259979811581], "4_test": [0.1786286479962138, 0.6983437600460919], "4_validation": [0.1696624456778498, 0.7044249971238049], "5_test": [0.16887842501828057, 0.6954511727419767], "5_validation": [0.16391169936381228, 0.6942336584654721], "6_test": [0.17065865113518283, 0.700595721038905], "6_validation": [0.16138214889093278, 0.7005065484372052], "7_test": [0.157224373110849, 0.7144369985190304], "7_validation": [0.1667547510093721, 0.7046266435709866], "8_test": [0.17051520803829703, 0.7004946753111752], "8_validation": [0.17074471914870182, 0.7019372655478391], "9_test": [0.1663066669111745, 0.6998384968367489], "9_validation": [0.16619420268065171, 0.7015960082140835], "10_test": [0.16797793761488272, 0.6995472480383786], "10_validation": [0.16721890988948726, 0.7020632711974057]}