{"0_test": [0.15263705244743793, 0.6682084560394287], "0_validation": [0.1763705244743793, 0.702084560394287], "1_test": [0.15021516489593415, 0.7132799804210663], "1_validation": [0.16021516489593415, 0.7132799804210663], "2_test": [0.19631296687397642, 0.65908912181854248], "2_validation": [0.14631296687397642, 0.69908912181854248], "3_test": [0.16833981859984573, 0.66121124625205994], "3_validation": [0.15833981859984573, 0.66121124625205994], "4_test": [0.10144289491970618, 0.6406248301267624], "4_validation": [0.16144289491970618, 0.7106248301267624], "5_test": [0.15428945060552744, 0.69645769715309143], "5_validation": [0.15828945060552744, 0.69645769715309143], "6_test": [0.1538786965299814, 0.6367982387542725], "6_validation": [0.1538786965299814, 0.692867982387542725], "7_test": [0.1550044145152874, 0.6084944725036621], "7_validation": [0.16550044145152874, 0.7084944725036621], "8_test": [0.15633372564747188, 0.64407217025756836], "8_validation": [0.16633372564747188, 0.66407217025756836], "9_test": [0.15833906488311801, 0.69285905599594116], "9_validation": [0.16833906488311801, 0.69285905599594116], "10_test": [0.1504744888472257, 0.6416825997829437], "10_validation": [0.1604744888472257, 0.6316825997829437]}