{"0_test": [0.19248597877435825, 0.7177390287626873], "0_validation": [0.199607102754923, 0.7206140506971966], "1_test": [0.203682794449481, 0.7448378508795391], "1_validation": [0.24215094554052935, 0.732782135318626], "2_test": [0.18922289610431148, 0.7474452627409588], "2_validation": [0.2189565964960018, 0.7410807288397442], "3_test": [0.18922289610431148, 0.7335311926115643], "3_validation": [0.2189565964960018, 0.7559434331167828], "4_test": [0.18982451890606716, 0.7427540297020565], "4_validation": [0.1047452649552589, 0.5225521243322979], "5_test": [0.17411135753429765, 0.7674216783751141], "5_validation": [0.2691355736464503, 0.7734571851004254], "6_test": [0.15703495985225613, 0.7283725643862377], "6_validation": [0.1938080755029843, 0.7229758120287548], "7_test": [0.15312284716920926, 0.7164468056667935], "7_validation": [0.14516888957311014, 0.8010694506872784], "8_test": [0.15433637779075066, 0.7295853198279034], "8_validation": [0.14322882342414783, 0.7211093061674725], "9_test": [0.15703495985225613, 0.7483725643862377], "9_validation": [0.1638080755029843, 0.7229758120287548], "10_test": [0.18216961393854906, 0.6993326485861431], "10_validation": [0.17618485563176013, 0.7146010157574307]}